{"cameraMode":{"drawMode":0,"name":"Shaded","section":"Shading Mode"},"sceneLighting":false,"audioPlay":false,"sceneViewState":{"showFog":true,"showMaterialUpdate":false,"showSkybox":false,"showFlares":true,"showImageEffects":true,"showParticleSystems":true},"in2DMode":false,"pivot":{"x":-4.962458610534668,"y":0.26899170875549319,"z":2.1748952865600588},"rotation":{"x":-0.04072883352637291,"y":-0.940264105796814,"z":0.1213965117931366,"w":-0.31546229124069216},"size":4.826832294464111,"orthographic":false}